,MSE,RMSE,R2,MedAE
0,3.69109e+06,1921.22,0.782991,877.132
