,MSE,RMSE,R2,MedAE
0,3.39782e+06,1843.32,0.79917,812.577
