,MSE,RMSE,R2,MedAE
0,3.41304e+06,1847.44,0.799681,801.787
