,MSE,RMSE,R2,MedAE
0,3.40167e+06,1844.36,0.800007,804.761
