,MSE,RMSE,R2,MedAE
0,3.40292e+06,1844.7,0.799585,816.564
