,MSE,RMSE,R2,MedAE
0,3.39688e+06,1843.06,0.800856,793.643
